Time,Channel A,Channel B,Channel C,Channel D,Channel H
(ms),(V),(V),(V),(V),(V)

0.00000000,0.05676962,-3.68209000,-1.29776600,-3.21877700,0.87840310
0.99998747,0.06775729,-3.68209000,-1.28677800,-3.21877700,0.88939080
1.99997495,0.03479429,-3.68209000,-1.29776600,-3.21877700,0.88939080
2.99996242,0.05676962,-3.68209000,-1.29776600,-3.20778900,0.87840310
3.99994990,0.06775729,-3.69307800,-1.29776600,-3.20778900,0.90037850
4.99993737,0.05676962,-3.69307800,-1.30875300,-3.22976400,0.87840310
5.99992485,0.04578196,-3.69307800,-1.31974100,-3.20778900,0.88939080
6.99991232,0.04578196,-3.69307800,-1.29776600,-3.21877700,0.88939080
7.99989980,0.05676962,-3.67110200,-1.29776600,-3.21877700,0.88939080
8.99988727,0.05676962,-3.69307800,-1.28677800,-3.20778900,0.87840310
9.99987475,0.04578196,-3.69307800,-1.28677800,-3.22976400,0.88939080
10.99986222,0.05676962,-3.68209000,-1.30875300,-3.21877700,0.88939080
11.99984970,0.05676962,-3.70406500,-1.29776600,-3.21877700,0.88939080
12.99983717,0.05676962,-3.69307800,-1.29776600,-3.22976400,0.88939080
13.99982464,0.05676962,-3.68209000,-1.29776600,-3.22976400,0.88939080
14.99981212,0.05676962,-3.69307800,-1.29776600,-3.21877700,0.88939080
15.99979959,0.05676962,-3.70406500,-1.29776600,-3.21877700,0.88939080
16.99978707,0.04578196,-3.69307800,-1.28677800,-3.22976400,0.88939080
17.99977454,0.05676962,-3.68209000,-1.29776600,-3.22976400,0.88939080
18.99976202,0.04578196,-3.69307800,-1.28677800,-3.22976400,0.87840310
19.99974949,0.03479429,-3.68209000,-1.29776600,-3.22976400,0.88939080
20.99973697,0.06775729,-3.68209000,-1.30875300,-3.22976400,0.88939080
21.99972444,0.04578196,-3.70406500,-1.29776600,-3.22976400,0.88939080
22.99971192,0.06775729,-3.69307800,-1.30875300,-3.21877700,0.88939080
23.99969939,0.05676962,-3.69307800,-1.29776600,-3.21877700,0.87840310
24.99968687,0.05676962,-3.69307800,-1.28677800,-3.22976400,0.87840310
25.99967434,0.04578196,-3.68209000,-1.28677800,-3.21877700,0.88939080
26.99966182,0.03479429,-3.69307800,-1.31974100,-3.22976400,0.88939080
27.99964929,0.06775729,-3.69307800,-1.30875300,-3.22976400,0.88939080
28.99963676,0.05676962,-3.69307800,-1.29776600,-3.21877700,0.88939080
29.99962424,0.06775729,-3.69307800,-1.29776600,-3.21877700,0.88939080
30.99961171,0.04578196,-3.69307800,-1.29776600,-3.22976400,0.88939080
31.99959919,0.04578196,-3.69307800,-1.30875300,-3.21877700,0.90037850
32.99958666,0.05676962,-3.69307800,-1.30875300,-3.22976400,0.88939080
33.99957414,0.05676962,-3.69307800,-1.29776600,-3.21877700,0.88939080
34.99956161,0.03479429,-3.68209000,-1.30875300,-3.21877700,0.87840310
35.99954909,0.04578196,-3.69307800,-1.31974100,-3.22976400,0.87840310
36.99953656,0.05676962,-3.68209000,-1.29776600,-3.22976400,0.88939080
37.99952404,0.04578196,-3.69307800,-1.29776600,-3.22976400,0.88939080
38.99951151,0.04578196,-3.69307800,-1.29776600,-3.21877700,0.88939080
39.99949899,0.04578196,-3.69307800,-1.30875300,-3.21877700,0.88939080
40.99948646,0.04578196,-3.70406500,-1.30875300,-3.24075200,0.88939080
41.99947393,0.05676962,-3.68209000,-1.29776600,-3.21877700,0.88939080
42.99946141,0.04578196,-3.70406500,-1.30875300,-3.21877700,0.87840310
43.99944888,0.04578196,-3.69307800,-1.30875300,-3.20778900,0.88939080
44.99943636,0.04578196,-3.69307800,-1.30875300,-3.22976400,0.88939080
45.99942383,0.04578196,-3.69307800,-1.29776600,-3.21877700,0.88939080
46.99941131,0.05676962,-3.69307800,-1.29776600,-3.21877700,0.90037850
47.99939878,0.03479429,-3.70406500,-1.30875300,-3.24075200,0.88939080
48.99938626,0.04578196,-3.68209000,-1.29776600,-3.20778900,0.88939080
49.99937373,0.04578196,-3.69307800,-1.29776600,-3.24075200,0.87840310
50.99936121,0.04578196,-3.69307800,-1.29776600,-3.22976400,0.88939080
51.99934868,0.04578196,-3.71505300,-1.30875300,-3.22976400,0.90037850
52.99933616,0.05676962,-3.69307800,-1.29776600,-3.24075200,0.86741540
53.99932363,0.04578196,-3.68209000,-1.29776600,-3.20778900,0.88939080
54.99931111,0.05676962,-3.68209000,-1.29776600,-3.21877700,0.87840310
55.99929858,0.03479429,-3.68209000,-1.29776600,-3.21877700,0.87840310
56.99928605,0.03479429,-3.69307800,-1.31974100,-3.24075200,0.90037850
57.99927353,0.04578196,-3.69307800,-1.31974100,-3.21877700,0.90037850
58.99926100,0.05676962,-3.69307800,-1.30875300,-3.21877700,0.87840310
59.99924848,0.05676962,-3.68209000,-1.29776600,-3.22976400,0.90037850
60.99923595,0.04578196,-3.68209000,-1.30875300,-3.21877700,0.88939080
61.99922343,0.04578196,-3.69307800,-1.30875300,-3.24075200,0.88939080
62.99921090,0.04578196,-3.69307800,-1.29776600,-3.21877700,0.88939080
63.99919838,0.04578196,-3.70406500,-1.29776600,-3.21877700,0.90037850
64.99918585,0.04578196,-3.69307800,-1.30875300,-3.22976400,0.88939080
65.99917333,0.03479429,-3.70406500,-1.30875300,-3.22976400,0.88939080
66.99916080,0.05676962,-3.69307800,-1.30875300,-3.21877700,0.87840310
67.99914828,0.04578196,-3.71505300,-1.29776600,-3.22976400,0.88939080
68.99913575,0.04578196,-3.69307800,-1.29776600,-3.22976400,0.87840310
69.99912322,0.03479429,-3.69307800,-1.29776600,-3.22976400,0.88939080
70.99911070,0.04578196,-3.70406500,-1.30875300,-3.21877700,0.90037850
71.99909817,0.04578196,-3.70406500,-1.29776600,-3.24075200,0.88939080
72.99908565,0.04578196,-3.69307800,-1.29776600,-3.22976400,0.88939080
73.99907312,0.05676962,-3.69307800,-1.30875300,-3.22976400,0.88939080
74.99906060,0.03479429,-3.69307800,-1.29776600,-3.21877700,0.88939080
75.99904807,0.03479429,-3.69307800,-1.29776600,-3.22976400,0.90037850
76.99903555,0.04578196,-3.69307800,-1.29776600,-3.22976400,0.88939080
77.99902302,0.05676962,-3.69307800,-1.29776600,-3.22976400,0.88939080
78.99901050,0.04578196,-3.70406500,-1.29776600,-3.21877700,0.88939080
79.99899797,0.04578196,-3.69307800,-1.30875300,-3.22976400,0.88939080
80.99898545,0.04578196,-3.69307800,-1.29776600,-3.22976400,0.90037850
81.99897292,0.05676962,-3.69307800,-1.30875300,-3.24075200,0.87840310
82.99896040,0.04578196,-3.69307800,-1.29776600,-3.22976400,0.88939080
83.99894787,0.04578196,-3.69307800,-1.30875300,-3.22976400,0.87840310
84.99893534,0.04578196,-3.71505300,-1.29776600,-3.21877700,0.88939080
85.99892282,0.04578196,-3.70406500,-1.29776600,-3.22976400,0.88939080
86.99891029,0.04578196,-3.68209000,-1.30875300,-3.21877700,0.91136610
87.99889777,0.04578196,-3.69307800,-1.28677800,-3.20778900,0.90037850
88.99888524,0.04578196,-3.69307800,-1.31974100,-3.22976400,0.88939080
89.99887272,0.03479429,-3.69307800,-1.30875300,-3.21877700,0.87840310
90.99886019,0.03479429,-3.70406500,-1.30875300,-3.22976400,0.88939080
91.99884767,0.03479429,-3.69307800,-1.30875300,-3.24075200,0.88939080
92.99883514,0.03479429,-3.70406500,-1.30875300,-3.21877700,0.90037850
93.99882262,0.03479429,-3.69307800,-1.29776600,-3.24075200,0.88939080
94.99881009,0.03479429,-3.69307800,-1.30875300,-3.22976400,0.90037850
95.99879757,0.05676962,-3.68209000,-1.29776600,-3.22976400,0.87840310
96.99878504,0.04578196,-3.69307800,-1.30875300,-3.24075200,0.87840310
97.99877251,0.03479429,-3.69307800,-1.30875300,-3.22976400,0.90037850
98.99875999,0.04578196,-3.69307800,-1.30875300,-3.21877700,0.88939080
99.99874746,0.03479429,-3.70406500,-1.29776600,-3.24075200,0.88939080
100.99873494,0.05676962,-3.70406500,-1.29776600,-3.22976400,0.88939080
101.99872241,0.05676962,-3.69307800,-1.29776600,-3.21877700,0.90037850
102.99870989,0.05676962,-3.69307800,-1.29776600,-3.22976400,0.90037850
103.99869736,0.04578196,-3.70406500,-1.30875300,-3.21877700,0.88939080
104.99868484,0.04578196,-3.70406500,-1.29776600,-3.22976400,0.88939080
105.99867231,0.03479429,-3.69307800,-1.30875300,-3.22976400,0.91136610
106.99865979,0.05676962,-3.69307800,-1.30875300,-3.22976400,0.90037850
107.99864726,0.05676962,-3.69307800,-1.30875300,-3.22976400,0.90037850
108.99863474,0.05676962,-3.68209000,-1.30875300,-3.22976400,0.87840310
109.99862221,0.03479429,-3.68209000,-1.29776600,-3.24075200,0.90037850
110.99860969,0.05676962,-3.69307800,-1.30875300,-3.21877700,0.88939080
111.99859716,0.04578196,-3.70406500,-1.30875300,-3.21877700,0.90037850
112.99858463,0.03479429,-3.70406500,-1.31974100,-3.24075200,0.91136610
113.99857211,0.04578196,-3.69307800,-1.29776600,-3.22976400,0.88939080
114.99855958,0.04578196,-3.71505300,-1.31974100,-3.22976400,0.88939080
115.99854706,0.04578196,-3.69307800,-1.30875300,-3.24075200,0.90037850
116.99853453,0.05676962,-3.71505300,-1.30875300,-3.22976400,0.88939080
117.99852201,0.03479429,-3.72604100,-1.30875300,-3.22976400,0.87840310
118.99850948,0.03479429,-3.70406500,-1.30875300,-3.22976400,0.90037850
119.99849696,0.04578196,-3.70406500,-1.31974100,-3.22976400,0.90037850
120.99848443,0.04578196,-3.70406500,-1.30875300,-3.22976400,0.88939080
121.99847191,0.04578196,-3.70406500,-1.30875300,-3.22976400,0.90037850
122.99845938,0.03479429,-3.70406500,-1.31974100,-3.22976400,0.91136610
123.99844686,0.04578196,-3.68209000,-1.30875300,-3.22976400,0.88939080
124.99843433,0.04578196,-3.69307800,-1.30875300,-3.24075200,0.90037850
125.99842180,0.03479429,-3.70406500,-1.29776600,-3.22976400,0.88939080
126.99840928,0.03479429,-3.69307800,-1.29776600,-3.22976400,0.90037850
127.99839675,0.03479429,-3.69307800,-1.29776600,-3.24075200,0.90037850
128.99838423,0.04578196,-3.69307800,-1.31974100,-3.22976400,0.90037850
129.99837170,0.04578196,-3.70406500,-1.29776600,-3.22976400,0.88939080
130.99835918,0.05676962,-3.70406500,-1.30875300,-3.22976400,0.88939080
131.99834665,0.04578196,-3.70406500,-1.29776600,-3.21877700,0.90037850
132.99833413,0.04578196,-3.71505300,-1.30875300,-3.24075200,0.90037850
133.99832160,0.03479429,-3.70406500,-1.30875300,-3.24075200,0.90037850
134.99830908,0.05676962,-3.69307800,-1.29776600,-3.22976400,0.90037850
135.99829655,0.04578196,-3.70406500,-1.31974100,-3.24075200,0.88939080
136.99828403,0.03479429,-3.70406500,-1.29776600,-3.24075200,0.91136610
137.99827150,0.04578196,-3.71505300,-1.29776600,-3.22976400,0.90037850
138.99825898,0.03479429,-3.70406500,-1.29776600,-3.22976400,0.90037850
139.99824645,0.04578196,-3.70406500,-1.30875300,-3.24075200,0.92235380
140.99823392,0.04578196,-3.70406500,-1.30875300,-3.22976400,0.90037850
141.99822140,0.04578196,-3.70406500,-1.30875300,-3.24075200,0.90037850
142.99820887,0.03479429,-3.69307800,-1.31974100,-3.22976400,0.90037850
143.99819635,0.04578196,-3.70406500,-1.30875300,-3.22976400,0.90037850
144.99818382,0.03479429,-3.71505300,-1.30875300,-3.24075200,0.88939080
145.99817130,0.03479429,-3.68209000,-1.31974100,-3.22976400,0.90037850
146.99815877,0.03479429,-3.70406500,-1.30875300,-3.24075200,0.90037850
147.99814625,0.05676962,-3.70406500,-1.30875300,-3.22976400,0.91136610
148.99813372,0.04578196,-3.70406500,-1.29776600,-3.24075200,0.91136610
149.99812120,0.04578196,-3.69307800,-1.31974100,-3.24075200,0.87840310
150.99810867,0.03479429,-3.70406500,-1.30875300,-3.22976400,0.90037850
151.99809615,0.04578196,-3.69307800,-1.30875300,-3.22976400,0.88939080
152.99808362,0.04578196,-3.70406500,-1.30875300,-3.22976400,0.88939080
153.99807109,0.05676962,-3.70406500,-1.29776600,-3.25174000,0.90037850
154.99805857,0.04578196,-3.69307800,-1.29776600,-3.22976400,0.90037850
155.99804604,0.04578196,-3.70406500,-1.30875300,-3.22976400,0.90037850
156.99803352,0.04578196,-3.71505300,-1.30875300,-3.22976400,0.91136610
157.99802099,0.04578196,-3.71505300,-1.30875300,-3.21877700,0.88939080
158.99800847,0.05676962,-3.72604100,-1.31974100,-3.22976400,0.90037850
159.99799594,0.03479429,-3.70406500,-1.30875300,-3.21877700,0.91136610
160.99798342,0.03479429,-3.71505300,-1.31974100,-3.22976400,0.88939080
161.99797089,0.03479429,-3.71505300,-1.30875300,-3.24075200,0.88939080
162.99795837,0.04578196,-3.69307800,-1.31974100,-3.22976400,0.88939080
163.99794584,0.04578196,-3.72604100,-1.30875300,-3.22976400,0.90037850
164.99793332,0.03479429,-3.70406500,-1.30875300,-3.24075200,0.91136610
165.99792079,0.03479429,-3.71505300,-1.30875300,-3.24075200,0.90037850
166.99790827,0.04578196,-3.68209000,-1.30875300,-3.25174000,0.90037850
167.99789574,0.04578196,-3.69307800,-1.30875300,-3.22976400,0.90037850
168.99788321,0.04578196,-3.70406500,-1.30875300,-3.22976400,0.90037850
169.99787069,0.03479429,-3.69307800,-1.31974100,-3.24075200,0.88939080
170.99785816,0.03479429,-3.71505300,-1.30875300,-3.22976400,0.90037850
171.99784564,0.03479429,-3.70406500,-1.29776600,-3.22976400,0.88939080
172.99783311,0.03479429,-3.70406500,-1.30875300,-3.25174000,0.90037850
173.99782059,0.04578196,-3.71505300,-1.31974100,-3.25174000,0.90037850
174.99780806,0.03479429,-3.71505300,-1.30875300,-3.22976400,0.88939080
175.99779554,0.02380662,-3.71505300,-1.30875300,-3.22976400,0.90037850
176.99778301,0.03479429,-3.71505300,-1.31974100,-3.24075200,0.87840310
177.99777049,0.02380662,-3.70406500,-1.30875300,-3.25174000,0.90037850
178.99775796,0.03479429,-3.71505300,-1.30875300,-3.24075200,0.90037850
179.99774544,0.03479429,-3.71505300,-1.30875300,-3.22976400,0.90037850
180.99773291,0.04578196,-3.72604100,-1.31974100,-3.24075200,0.88939080
181.99772038,0.02380662,-3.71505300,-1.30875300,-3.22976400,0.91136610
182.99770786,0.02380662,-3.69307800,-1.30875300,-3.22976400,0.88939080
183.99769533,0.04578196,-3.71505300,-1.30875300,-3.24075200,0.90037850
184.99768281,0.03479429,-3.70406500,-1.30875300,-3.22976400,0.90037850
185.99767028,0.04578196,-3.70406500,-1.29776600,-3.22976400,0.90037850
186.99765776,0.04578196,-3.70406500,-1.30875300,-3.24075200,0.91136610
187.99764523,0.03479429,-3.70406500,-1.30875300,-3.24075200,0.90037850
188.99763271,0.03479429,-3.70406500,-1.31974100,-3.24075200,0.90037850
189.99762018,0.03479429,-3.70406500,-1.31974100,-3.24075200,0.91136610
190.99760766,0.03479429,-3.70406500,-1.30875300,-3.22976400,0.91136610
191.99759513,0.03479429,-3.71505300,-1.29776600,-3.22976400,0.90037850
192.99758261,0.04578196,-3.71505300,-1.30875300,-3.22976400,0.90037850
193.99757008,0.03479429,-3.71505300,-1.30875300,-3.25174000,0.90037850
194.99755756,0.05676962,-3.71505300,-1.30875300,-3.24075200,0.91136610
195.99754503,0.03479429,-3.71505300,-1.29776600,-3.24075200,0.90037850
196.99753250,0.03479429,-3.70406500,-1.30875300,-3.25174000,0.90037850
197.99751998,0.03479429,-3.70406500,-1.29776600,-3.24075200,0.90037850
198.99750745,0.02380662,-3.70406500,-1.30875300,-3.24075200,0.90037850
199.99749493,0.03479429,-3.70406500,-1.31974100,-3.22976400,0.90037850
200.99748240,0.03479429,-3.70406500,-1.31974100,-3.22976400,0.91136610
201.99746988,0.04578196,-3.71505300,-1.30875300,-3.22976400,0.91136610
202.99745735,0.03479429,-3.70406500,-1.30875300,-3.22976400,0.88939080
203.99744483,0.03479429,-3.70406500,-1.31974100,-3.24075200,0.88939080
204.99743230,0.02380662,-3.71505300,-1.30875300,-3.25174000,0.91136610
205.99741978,0.03479429,-3.71505300,-1.30875300,-3.24075200,0.90037850
206.99740725,0.04578196,-3.70406500,-1.31974100,-3.24075200,0.90037850
207.99739473,0.04578196,-3.70406500,-1.29776600,-3.24075200,0.91136610
208.99738220,0.02380662,-3.70406500,-1.31974100,-3.24075200,0.91136610
209.99736967,0.03479429,-3.70406500,-1.30875300,-3.24075200,0.90037850
210.99735715,0.03479429,-3.70406500,-1.30875300,-3.24075200,0.90037850
211.99734462,0.04578196,-3.70406500,-1.31974100,-3.24075200,0.90037850
212.99733210,0.02380662,-3.69307800,-1.30875300,-3.24075200,0.90037850
213.99731957,0.03479429,-3.70406500,-1.31974100,-3.24075200,0.91136610
214.99730705,0.04578196,-3.70406500,-1.31974100,-3.25174000,0.91136610
215.99729452,0.03479429,-3.72604100,-1.31974100,-3.25174000,0.91136610
216.99728200,0.02380662,-3.72604100,-1.30875300,-3.25174000,0.90037850
217.99726947,0.03479429,-3.70406500,-1.30875300,-3.21877700,0.90037850
218.99725695,0.04578196,-3.70406500,-1.30875300,-3.24075200,0.91136610
219.99724442,0.03479429,-3.72604100,-1.31974100,-3.22976400,0.91136610
220.99723190,0.03479429,-3.71505300,-1.29776600,-3.25174000,0.90037850
221.99721937,0.03479429,-3.70406500,-1.30875300,-3.22976400,0.91136610
222.99720685,0.04578196,-3.71505300,-1.30875300,-3.25174000,0.91136610
223.99719432,0.04578196,-3.71505300,-1.30875300,-3.22976400,0.91136610
224.99718179,0.02380662,-3.71505300,-1.30875300,-3.24075200,0.90037850
225.99716927,0.03479429,-3.70406500,-1.31974100,-3.24075200,0.90037850
226.99715674,0.04578196,-3.72604100,-1.30875300,-3.22976400,0.91136610
227.99714422,0.04578196,-3.71505300,-1.30875300,-3.24075200,0.91136610
228.99713169,0.03479429,-3.71505300,-1.33072900,-3.24075200,0.90037850
229.99711917,0.04578196,-3.69307800,-1.29776600,-3.24075200,0.88939080
230.99710664,0.03479429,-3.71505300,-1.30875300,-3.22976400,0.90037850
231.99709412,0.03479429,-3.70406500,-1.30875300,-3.22976400,0.88939080
232.99708159,0.03479429,-3.71505300,-1.30875300,-3.24075200,0.91136610
233.99706907,0.03479429,-3.69307800,-1.30875300,-3.24075200,0.90037850
234.99705654,0.04578196,-3.71505300,-1.31974100,-3.25174000,0.90037850
235.99704402,0.03479429,-3.72604100,-1.30875300,-3.24075200,0.92235380
236.99703149,0.03479429,-3.70406500,-1.31974100,-3.24075200,0.92235380
237.99701896,0.03479429,-3.70406500,-1.31974100,-3.24075200,0.90037850
238.99700644,0.03479429,-3.71505300,-1.30875300,-3.24075200,0.91136610
239.99699391,0.02380662,-3.70406500,-1.31974100,-3.25174000,0.90037850
240.99698139,0.03479429,-3.71505300,-1.31974100,-3.22976400,0.91136610
241.99696886,0.02380662,-3.71505300,-1.30875300,-3.24075200,0.90037850
242.99695634,0.03479429,-3.72604100,-1.30875300,-3.24075200,0.90037850
243.99694381,0.02380662,-3.70406500,-1.30875300,-3.25174000,0.91136610
244.99693129,0.04578196,-3.71505300,-1.31974100,-3.24075200,0.90037850
245.99691876,0.03479429,-3.71505300,-1.29776600,-3.24075200,0.90037850
246.99690624,0.03479429,-3.70406500,-1.30875300,-3.24075200,0.91136610
247.99689371,0.02380662,-3.70406500,-1.30875300,-3.24075200,0.91136610
248.99688119,0.02380662,-3.71505300,-1.31974100,-3.25174000,0.92235380
249.99686866,0.02380662,-3.71505300,-1.30875300,-3.25174000,0.91136610
250.99685614,0.03479429,-3.72604100,-1.30875300,-3.22976400,0.90037850
251.99684361,0.03479429,-3.71505300,-1.31974100,-3.24075200,0.90037850
252.99683108,0.03479429,-3.71505300,-1.30875300,-3.25174000,0.91136610
253.99681856,0.03479429,-3.71505300,-1.30875300,-3.24075200,0.91136610
254.99680603,0.03479429,-3.70406500,-1.31974100,-3.24075200,0.90037850
255.99679351,0.03479429,-3.71505300,-1.31974100,-3.26272700,0.90037850
256.99678098,0.03479429,-3.69307800,-1.33072900,-3.25174000,0.91136610
257.99676846,0.02380662,-3.70406500,-1.31974100,-3.24075200,0.91136610
258.99675593,0.03479429,-3.70406500,-1.31974100,-3.25174000,0.90037850
259.99674341,0.03479429,-3.70406500,-1.31974100,-3.24075200,0.90037850
260.99673088,0.02380662,-3.70406500,-1.30875300,-3.24075200,0.90037850
261.99671836,0.03479429,-3.70406500,-1.31974100,-3.24075200,0.91136610
262.99670583,0.02380662,-3.71505300,-1.31974100,-3.25174000,0.91136610
263.99669331,0.02380662,-3.72604100,-1.30875300,-3.22976400,0.90037850
264.99668078,0.04578196,-3.70406500,-1.30875300,-3.25174000,0.90037850
265.99666825,0.03479429,-3.72604100,-1.30875300,-3.24075200,0.91136610
266.99665573,0.02380662,-3.71505300,-1.30875300,-3.24075200,0.91136610
267.99664320,0.02380662,-3.71505300,-1.31974100,-3.22976400,0.90037850
268.99663068,0.02380662,-3.71505300,-1.31974100,-3.24075200,0.90037850
269.99661815,0.03479429,-3.71505300,-1.31974100,-3.24075200,0.90037850
270.99660563,0.03479429,-3.73702800,-1.30875300,-3.25174000,0.90037850
271.99659310,0.01281895,-3.72604100,-1.30875300,-3.24075200,0.90037850
272.99658058,0.02380662,-3.71505300,-1.29776600,-3.25174000,0.91136610
273.99656805,0.04578196,-3.71505300,-1.30875300,-3.25174000,0.91136610
274.99655553,0.02380662,-3.71505300,-1.33072900,-3.24075200,0.90037850
275.99654300,0.03479429,-3.70406500,-1.31974100,-3.24075200,0.91136610
276.99653048,0.02380662,-3.71505300,-1.30875300,-3.25174000,0.92235380
277.99651795,0.02380662,-3.71505300,-1.30875300,-3.24075200,0.91136610
278.99650543,0.04578196,-3.71505300,-1.30875300,-3.22976400,0.91136610
279.99649290,0.03479429,-3.72604100,-1.31974100,-3.24075200,0.91136610
280.99648037,0.02380662,-3.71505300,-1.31974100,-3.25174000,0.90037850
281.99646785,0.04578196,-3.70406500,-1.30875300,-3.25174000,0.92235380
282.99645532,0.01281895,-3.71505300,-1.33072900,-3.25174000,0.91136610
283.99644280,0.03479429,-3.71505300,-1.31974100,-3.24075200,0.90037850
284.99643027,0.02380662,-3.71505300,-1.33072900,-3.25174000,0.90037850
285.99641775,0.03479429,-3.71505300,-1.30875300,-3.25174000,0.91136610
286.99640522,0.03479429,-3.71505300,-1.31974100,-3.25174000,0.92235380
287.99639270,0.03479429,-3.72604100,-1.30875300,-3.26272700,0.91136610
288.99638017,0.01281895,-3.71505300,-1.31974100,-3.25174000,0.91136610
289.99636765,0.02380662,-3.70406500,-1.30875300,-3.25174000,0.91136610
290.99635512,0.03479429,-3.71505300,-1.31974100,-3.22976400,0.91136610
291.99634260,0.04578196,-3.71505300,-1.31974100,-3.25174000,0.91136610
292.99633007,0.02380662,-3.71505300,-1.31974100,-3.25174000,0.90037850
293.99631754,0.03479429,-3.71505300,-1.30875300,-3.22976400,0.91136610
294.99630502,0.03479429,-3.71505300,-1.30875300,-3.22976400,0.91136610
295.99629249,0.03479429,-3.70406500,-1.31974100,-3.24075200,0.90037850
296.99627997,0.01281895,-3.71505300,-1.30875300,-3.25174000,0.90037850
297.99626744,0.01281895,-3.72604100,-1.30875300,-3.25174000,0.90037850
298.99625492,0.01281895,-3.72604100,-1.30875300,-3.24075200,0.91136610
299.99624239,0.03479429,-3.71505300,-1.30875300,-3.25174000,0.91136610
300.99622987,0.01281895,-3.72604100,-1.31974100,-3.25174000,0.90037850
301.99621734,0.03479429,-3.71505300,-1.30875300,-3.25174000,0.90037850
302.99620482,0.03479429,-3.70406500,-1.30875300,-3.22976400,0.91136610
303.99619229,0.03479429,-3.71505300,-1.33072900,-3.25174000,0.92235380
304.99617977,0.03479429,-3.71505300,-1.31974100,-3.26272700,0.90037850
305.99616724,0.01281895,-3.71505300,-1.31974100,-3.25174000,0.90037850
306.99615472,0.02380662,-3.71505300,-1.31974100,-3.24075200,0.91136610
307.99614219,0.01281895,-3.71505300,-1.31974100,-3.24075200,0.90037850
308.99612966,0.02380662,-3.71505300,-1.30875300,-3.25174000,0.90037850
309.99611714,0.02380662,-3.71505300,-1.31974100,-3.24075200,0.91136610
310.99610461,0.03479429,-3.72604100,-1.31974100,-3.25174000,0.91136610
311.99609209,0.02380662,-3.72604100,-1.31974100,-3.24075200,0.91136610
312.99607956,0.02380662,-3.71505300,-1.33072900,-3.25174000,0.91136610
313.99606704,0.01281895,-3.72604100,-1.30875300,-3.25174000,0.91136610
314.99605451,0.03479429,-3.72604100,-1.30875300,-3.24075200,0.91136610
315.99604199,0.01281895,-3.72604100,-1.29776600,-3.25174000,0.91136610
316.99602946,0.03479429,-3.70406500,-1.31974100,-3.26272700,0.92235380
317.99601694,0.02380662,-3.71505300,-1.30875300,-3.25174000,0.91136610
318.99600441,0.03479429,-3.71505300,-1.30875300,-3.25174000,0.91136610
319.99599189,0.03479429,-3.72604100,-1.31974100,-3.24075200,0.90037850
320.99597936,0.04578196,-3.72604100,-1.31974100,-3.24075200,0.92235380
321.99596683,0.03479429,-3.72604100,-1.30875300,-3.24075200,0.91136610
322.99595431,0.01281895,-3.71505300,-1.30875300,-3.25174000,0.91136610
323.99594178,0.02380662,-3.72604100,-1.31974100,-3.25174000,0.90037850
324.99592926,0.01281895,-3.71505300,-1.31974100,-3.25174000,0.91136610
325.99591673,0.01281895,-3.71505300,-1.33072900,-3.25174000,0.91136610
326.99590421,0.02380662,-3.70406500,-1.33072900,-3.24075200,0.91136610
327.99589168,0.01281895,-3.72604100,-1.30875300,-3.25174000,0.92235380
328.99587916,0.04578196,-3.72604100,-1.33072900,-3.25174000,0.91136610
329.99586663,0.02380662,-3.71505300,-1.30875300,-3.25174000,0.92235380
330.99585411,0.02380662,-3.72604100,-1.31974100,-3.24075200,0.91136610
331.99584158,0.02380662,-3.72604100,-1.30875300,-3.25174000,0.90037850
332.99582906,0.03479429,-3.71505300,-1.30875300,-3.25174000,0.93334140
333.99581653,0.02380662,-3.72604100,-1.30875300,-3.24075200,0.93334140
334.99580401,0.02380662,-3.72604100,-1.31974100,-3.25174000,0.90037850
335.99579148,0.02380662,-3.72604100,-1.31974100,-3.24075200,0.92235380
336.99577895,0.02380662,-3.71505300,-1.30875300,-3.25174000,0.91136610
337.99576643,0.02380662,-3.71505300,-1.31974100,-3.25174000,0.92235380
338.99575390,0.03479429,-3.71505300,-1.31974100,-3.25174000,0.91136610
339.99574138,0.02380662,-3.71505300,-1.31974100,-3.24075200,0.90037850
340.99572885,0.01281895,-3.72604100,-1.31974100,-3.24075200,0.91136610
341.99571633,0.02380662,-3.72604100,-1.30875300,-3.25174000,0.90037850
342.99570380,0.03479429,-3.71505300,-1.31974100,-3.25174000,0.91136610
343.99569128,0.01281895,-3.72604100,-1.31974100,-3.25174000,0.92235380
344.99567875,0.02380662,-3.72604100,-1.30875300,-3.25174000,0.91136610
345.99566623,0.03479429,-3.72604100,-1.30875300,-3.25174000,0.91136610
346.99565370,0.04578196,-3.72604100,-1.31974100,-3.25174000,0.91136610
347.99564118,0.03479429,-3.71505300,-1.31974100,-3.24075200,0.91136610
348.99562865,0.01281895,-3.72604100,-1.33072900,-3.24075200,0.91136610
349.99561612,0.01281895,-3.71505300,-1.31974100,-3.26272700,0.91136610
350.99560360,0.02380662,-3.72604100,-1.31974100,-3.22976400,0.90037850
351.99559107,0.02380662,-3.73702800,-1.31974100,-3.24075200,0.91136610
352.99557855,0.03479429,-3.69307800,-1.33072900,-3.25174000,0.92235380
353.99556602,0.02380662,-3.72604100,-1.31974100,-3.25174000,0.91136610
354.99555350,0.01281895,-3.71505300,-1.31974100,-3.24075200,0.91136610
355.99554097,0.01281895,-3.71505300,-1.31974100,-3.25174000,0.91136610
356.99552845,0.02380662,-3.73702800,-1.31974100,-3.25174000,0.90037850
357.99551592,0.03479429,-3.71505300,-1.31974100,-3.26272700,0.91136610
358.99550340,0.02380662,-3.71505300,-1.31974100,-3.26272700,0.90037850
359.99549087,0.02380662,-3.71505300,-1.30875300,-3.24075200,0.91136610
360.99547835,0.01281895,-3.71505300,-1.33072900,-3.25174000,0.91136610
361.99546582,0.02380662,-3.71505300,-1.33072900,-3.25174000,0.91136610
362.99545330,0.00183128,-3.72604100,-1.33072900,-3.25174000,0.90037850
363.99544077,0.02380662,-3.71505300,-1.33072900,-3.26272700,0.92235380
364.99542824,0.01281895,-3.72604100,-1.31974100,-3.25174000,0.91136610
365.99541572,0.01281895,-3.71505300,-1.30875300,-3.26272700,0.90037850
366.99540319,0.02380662,-3.72604100,-1.33072900,-3.24075200,0.93334140
367.99539067,0.01281895,-3.72604100,-1.31974100,-3.25174000,0.91136610
368.99537814,0.01281895,-3.72604100,-1.33072900,-3.25174000,0.91136610
369.99536562,0.01281895,-3.72604100,-1.33072900,-3.25174000,0.92235380
370.99535309,0.01281895,-3.73702800,-1.31974100,-3.25174000,0.92235380
371.99534057,0.01281895,-3.72604100,-1.33072900,-3.25174000,0.91136610
372.99532804,0.01281895,-3.71505300,-1.33072900,-3.25174000,0.92235380
373.99531552,0.02380662,-3.72604100,-1.33072900,-3.26272700,0.91136610
374.99530299,0.02380662,-3.71505300,-1.31974100,-3.25174000,0.91136610
375.99529047,0.02380662,-3.71505300,-1.30875300,-3.25174000,0.92235380
376.99527794,0.01281895,-3.72604100,-1.33072900,-3.26272700,0.93334140
377.99526541,0.01281895,-3.71505300,-1.31974100,-3.24075200,0.93334140
378.99525289,0.01281895,-3.71505300,-1.30875300,-3.24075200,0.92235380
379.99524036,0.01281895,-3.72604100,-1.33072900,-3.25174000,0.93334140
380.99522784,0.01281895,-3.72604100,-1.31974100,-3.26272700,0.91136610
381.99521531,0.01281895,-3.71505300,-1.31974100,-3.25174000,0.91136610
382.99520279,0.02380662,-3.72604100,-1.31974100,-3.25174000,0.92235380
383.99519026,0.01281895,-3.73702800,-1.33072900,-3.25174000,0.92235380
384.99517774,0.02380662,-3.73702800,-1.31974100,-3.26272700,0.92235380
385.99516521,0.01281895,-3.72604100,-1.31974100,-3.25174000,0.91136610
386.99515269,0.02380662,-3.72604100,-1.33072900,-3.27371500,0.91136610
387.99514016,0.02380662,-3.74801600,-1.31974100,-3.26272700,0.91136610
388.99512764,0.02380662,-3.72604100,-1.33072900,-3.26272700,0.91136610
389.99511511,0.01281895,-3.73702800,-1.31974100,-3.25174000,0.93334140
390.99510259,0.02380662,-3.72604100,-1.31974100,-3.24075200,0.91136610
391.99509006,0.00183128,-3.72604100,-1.31974100,-3.25174000,0.91136610
392.99507753,0.01281895,-3.72604100,-1.33072900,-3.26272700,0.93334140
393.99506501,0.03479429,-3.72604100,-1.31974100,-3.25174000,0.91136610
394.99505248,0.02380662,-3.73702800,-1.31974100,-3.25174000,0.91136610
395.99503996,0.01281895,-3.73702800,-1.33072900,-3.26272700,0.92235380
396.99502743,0.01281895,-3.71505300,-1.33072900,-3.27371500,0.91136610
397.99501491,0.02380662,-3.73702800,-1.31974100,-3.26272700,0.92235380
398.99500238,0.01281895,-3.72604100,-1.31974100,-3.25174000,0.91136610
399.99498986,0.01281895,-3.71505300,-1.33072900,-3.25174000,0.92235380
400.99497733,0.01281895,-3.72604100,-1.31974100,-3.25174000,0.92235380
401.99496481,0.00183128,-3.72604100,-1.33072900,-3.25174000,0.92235380
402.99495228,0.02380662,-3.73702800,-1.31974100,-3.25174000,0.92235380
403.99493976,0.01281895,-3.72604100,-1.30875300,-3.25174000,0.92235380
404.99492723,0.01281895,-3.71505300,-1.33072900,-3.25174000,0.92235380
405.99491470,0.02380662,-3.72604100,-1.31974100,-3.25174000,0.92235380
406.99490218,0.01281895,-3.72604100,-1.34171700,-3.25174000,0.92235380
407.99488965,0.00183128,-3.72604100,-1.33072900,-3.25174000,0.91136610
408.99487713,0.02380662,-3.72604100,-1.33072900,-3.25174000,0.91136610
409.99486460,0.02380662,-3.75900400,-1.33072900,-3.26272700,0.92235380
410.99485208,0.01281895,-3.71505300,-1.31974100,-3.26272700,0.91136610
411.99483955,0.02380662,-3.72604100,-1.31974100,-3.26272700,0.92235380
412.99482703,0.01281895,-3.71505300,-1.31974100,-3.25174000,0.92235380
413.99481450,0.02380662,-3.72604100,-1.31974100,-3.26272700,0.92235380
414.99480198,0.01281895,-3.73702800,-1.31974100,-3.25174000,0.91136610
415.99478945,0.01281895,-3.72604100,-1.33072900,-3.26272700,0.91136610
416.99477693,0.02380662,-3.72604100,-1.31974100,-3.26272700,0.92235380
417.99476440,0.01281895,-3.73702800,-1.33072900,-3.26272700,0.91136610
418.99475188,0.02380662,-3.72604100,-1.33072900,-3.26272700,0.91136610
419.99473935,0.02380662,-3.71505300,-1.31974100,-3.26272700,0.92235380
420.99472682,0.02380662,-3.72604100,-1.30875300,-3.26272700,0.92235380
421.99471430,0.01281895,-3.72604100,-1.33072900,-3.25174000,0.91136610
422.99470177,0.02380662,-3.72604100,-1.31974100,-3.26272700,0.93334140
423.99468925,0.01281895,-3.72604100,-1.33072900,-3.26272700,0.91136610
424.99467672,0.01281895,-3.72604100,-1.31974100,-3.24075200,0.92235380
425.99466420,0.01281895,-3.72604100,-1.33072900,-3.27371500,0.91136610
426.99465167,0.01281895,-3.72604100,-1.34171700,-3.27371500,0.91136610
427.99463915,0.02380662,-3.72604100,-1.31974100,-3.25174000,0.91136610
428.99462662,0.00183128,-3.73702800,-1.35270400,-3.25174000,0.92235380
429.99461410,0.02380662,-3.72604100,-1.33072900,-3.26272700,0.92235380
430.99460157,0.02380662,-3.72604100,-1.33072900,-3.25174000,0.92235380
431.99458905,0.01281895,-3.72604100,-1.33072900,-3.26272700,0.92235380
432.99457652,0.01281895,-3.72604100,-1.31974100,-3.25174000,0.91136610
433.99456399,0.01281895,-3.72604100,-1.33072900,-3.27371500,0.92235380
434.99455147,0.01281895,-3.71505300,-1.31974100,-3.26272700,0.92235380
435.99453894,0.00183128,-3.73702800,-1.33072900,-3.25174000,0.91136610
436.99452642,0.00183128,-3.74801600,-1.33072900,-3.27371500,0.92235380
437.99451389,0.01281895,-3.73702800,-1.31974100,-3.25174000,0.92235380
438.99450137,0.02380662,-3.72604100,-1.31974100,-3.26272700,0.92235380
439.99448884,0.02380662,-3.72604100,-1.31974100,-3.25174000,0.93334140
440.99447632,0.01281895,-3.72604100,-1.31974100,-3.26272700,0.91136610
441.99446379,0.00183128,-3.72604100,-1.34171700,-3.26272700,0.92235380
442.99445127,0.00183128,-3.72604100,-1.31974100,-3.26272700,0.91136610
443.99443874,0.00183128,-3.72604100,-1.31974100,-3.25174000,0.92235380
444.99442622,0.01281895,-3.71505300,-1.31974100,-3.25174000,0.92235380
445.99441369,0.01281895,-3.73702800,-1.31974100,-3.26272700,0.93334140
446.99440117,0.01281895,-3.73702800,-1.33072900,-3.26272700,0.93334140
447.99438864,0.00183128,-3.72604100,-1.33072900,-3.27371500,0.91136610
448.99437611,0.01281895,-3.73702800,-1.31974100,-3.27371500,0.91136610
449.99436359,0.01281895,-3.73702800,-1.33072900,-3.26272700,0.92235380
450.99435106,0.01281895,-3.74801600,-1.31974100,-3.27371500,0.92235380
451.99433854,0.01281895,-3.72604100,-1.31974100,-3.24075200,0.92235380
452.99432601,0.01281895,-3.73702800,-1.31974100,-3.26272700,0.93334140
453.99431349,0.01281895,-3.73702800,-1.33072900,-3.26272700,0.92235380
454.99430096,0.02380662,-3.72604100,-1.33072900,-3.25174000,0.92235380
455.99428844,0.02380662,-3.73702800,-1.31974100,-3.27371500,0.91136610
456.99427591,0.01281895,-3.73702800,-1.31974100,-3.25174000,0.91136610
457.99426339,0.01281895,-3.73702800,-1.30875300,-3.26272700,0.91136610
458.99425086,0.02380662,-3.72604100,-1.31974100,-3.26272700,0.91136610
459.99423834,0.01281895,-3.72604100,-1.31974100,-3.26272700,0.92235380
460.99422581,0.01281895,-3.73702800,-1.33072900,-3.26272700,0.92235380
461.99421328,0.00183128,-3.73702800,-1.34171700,-3.26272700,0.92235380
462.99420076,0.01281895,-3.73702800,-1.33072900,-3.26272700,0.92235380
463.99418823,0.01281895,-3.72604100,-1.34171700,-3.25174000,0.91136610
464.99417571,0.00183128,-3.72604100,-1.33072900,-3.26272700,0.91136610
465.99416318,0.02380662,-3.73702800,-1.31974100,-3.24075200,0.92235380
466.99415066,0.00183128,-3.73702800,-1.31974100,-3.27371500,0.92235380
467.99413813,0.00183128,-3.72604100,-1.30875300,-3.26272700,0.91136610
468.99412561,0.01281895,-3.72604100,-1.31974100,-3.26272700,0.93334140
469.99411308,0.01281895,-3.73702800,-1.34171700,-3.27371500,0.92235380
470.99410056,0.01281895,-3.72604100,-1.33072900,-3.26272700,0.93334140
471.99408803,0.01281895,-3.73702800,-1.31974100,-3.25174000,0.92235380
472.99407551,0.02380662,-3.73702800,-1.31974100,-3.26272700,0.92235380
473.99406298,0.00183128,-3.74801600,-1.34171700,-3.26272700,0.91136610
474.99405046,0.02380662,-3.73702800,-1.31974100,-3.26272700,0.93334140
475.99403793,0.00183128,-3.73702800,-1.31974100,-3.26272700,0.94432910
476.99402540,0.00183128,-3.72604100,-1.31974100,-3.25174000,0.93334140
477.99401288,0.00183128,-3.71505300,-1.31974100,-3.25174000,0.93334140
478.99400035,0.02380662,-3.73702800,-1.33072900,-3.27371500,0.93334140
479.99398783,0.00183128,-3.74801600,-1.33072900,-3.26272700,0.94432910
480.99397530,0.00183128,-3.73702800,-1.33072900,-3.26272700,0.93334140
481.99396278,0.01281895,-3.72604100,-1.31974100,-3.27371500,0.92235380
482.99395025,0.01281895,-3.72604100,-1.31974100,-3.25174000,0.93334140
483.99393773,0.01281895,-3.72604100,-1.34171700,-3.26272700,0.91136610
484.99392520,0.01281895,-3.73702800,-1.33072900,-3.27371500,0.90037850
485.99391268,-0.00915639,-3.73702800,-1.33072900,-3.26272700,0.92235380
486.99390015,0.00183128,-3.74801600,-1.31974100,-3.25174000,0.92235380
487.99388763,-0.00915639,-3.72604100,-1.33072900,-3.26272700,0.92235380
488.99387510,0.01281895,-3.73702800,-1.31974100,-3.26272700,0.91136610
489.99386257,0.00183128,-3.73702800,-1.33072900,-3.26272700,0.93334140
490.99385005,0.01281895,-3.74801600,-1.33072900,-3.27371500,0.91136610
491.99383752,0.01281895,-3.75900400,-1.31974100,-3.26272700,0.93334140
492.99382500,0.00183128,-3.73702800,-1.34171700,-3.26272700,0.93334140
493.99381247,0.01281895,-3.74801600,-1.31974100,-3.25174000,0.93334140
494.99379995,0.01281895,-3.73702800,-1.31974100,-3.26272700,0.92235380
495.99378742,0.00183128,-3.73702800,-1.34171700,-3.26272700,0.92235380
496.99377490,-0.00915639,-3.73702800,-1.33072900,-3.27371500,0.93334140
497.99376237,0.00183128,-3.73702800,-1.33072900,-3.27371500,0.92235380
498.99374985,0.01281895,-3.72604100,-1.34171700,-3.26272700,0.92235380
499.99373732,0.00183128,-3.73702800,-1.33072900,-3.26272700,0.92235380
500.99372480,0.01281895,-3.73702800,-1.33072900,-3.27371500,0.93334140
501.99371227,0.01281895,-3.72604100,-1.33072900,-3.26272700,0.93334140
502.99369975,0.00183128,-3.74801600,-1.33072900,-3.26272700,0.93334140
503.99368722,0.01281895,-3.73702800,-1.33072900,-3.26272700,0.91136610
504.99367469,0.00183128,-3.73702800,-1.33072900,-3.27371500,0.92235380
505.99366217,0.00183128,-3.73702800,-1.34171700,-3.27371500,0.92235380
506.99364964,0.01281895,-3.73702800,-1.33072900,-3.26272700,0.93334140
507.99363712,0.01281895,-3.74801600,-1.31974100,-3.25174000,0.92235380
508.99362459,0.01281895,-3.73702800,-1.31974100,-3.26272700,0.93334140
509.99361207,0.00183128,-3.72604100,-1.33072900,-3.25174000,0.92235380
510.99359954,0.00183128,-3.74801600,-1.33072900,-3.26272700,0.92235380
511.99358702,0.00183128,-3.74801600,-1.31974100,-3.27371500,0.92235380
512.99357449,0.00183128,-3.73702800,-1.33072900,-3.27371500,0.91136610
513.99356197,0.01281895,-3.73702800,-1.33072900,-3.26272700,0.92235380
514.99354944,0.00183128,-3.73702800,-1.31974100,-3.26272700,0.93334140
515.99353692,0.01281895,-3.74801600,-1.31974100,-3.26272700,0.92235380
516.99352439,-0.00915639,-3.73702800,-1.34171700,-3.27371500,0.92235380
517.99351186,0.00183128,-3.73702800,-1.34171700,-3.25174000,0.93334140
518.99349934,0.00183128,-3.73702800,-1.33072900,-3.27371500,0.92235380
519.99348681,0.01281895,-3.74801600,-1.33072900,-3.27371500,0.93334140
520.99347429,0.02380662,-3.74801600,-1.31974100,-3.26272700,0.92235380
521.99346176,0.01281895,-3.72604100,-1.34171700,-3.27371500,0.93334140
522.99344924,0.00183128,-3.73702800,-1.33072900,-3.26272700,0.92235380
523.99343671,0.01281895,-3.74801600,-1.33072900,-3.26272700,0.92235380
524.99342419,0.00183128,-3.73702800,-1.34171700,-3.27371500,0.92235380
525.99341166,-0.02014406,-3.73702800,-1.35270400,-3.27371500,0.92235380
526.99339914,0.00183128,-3.72604100,-1.33072900,-3.25174000,0.92235380
527.99338661,0.01281895,-3.72604100,-1.34171700,-3.26272700,0.93334140
528.99337409,-0.00915639,-3.71505300,-1.33072900,-3.27371500,0.92235380
529.99336156,0.01281895,-3.74801600,-1.33072900,-3.27371500,0.92235380
530.99334904,-0.00915639,-3.73702800,-1.34171700,-3.25174000,0.92235380
531.99333651,0.00183128,-3.74801600,-1.31974100,-3.27371500,0.92235380
532.99332398,0.00183128,-3.73702800,-1.34171700,-3.27371500,0.93334140
533.99331146,0.01281895,-3.73702800,-1.33072900,-3.27371500,0.93334140
534.99329893,-0.00915639,-3.73702800,-1.34171700,-3.27371500,0.93334140
535.99328641,-0.00915639,-3.72604100,-1.33072900,-3.26272700,0.91136610
536.99327388,0.01281895,-3.74801600,-1.31974100,-3.25174000,0.92235380
537.99326136,-0.00915639,-3.73702800,-1.34171700,-3.27371500,0.93334140
538.99324883,0.00183128,-3.72604100,-1.31974100,-3.25174000,0.92235380
539.99323631,-0.00915639,-3.73702800,-1.31974100,-3.26272700,0.93334140
540.99322378,0.00183128,-3.74801600,-1.33072900,-3.26272700,0.92235380
541.99321126,-0.00915639,-3.74801600,-1.33072900,-3.27371500,0.93334140
542.99319873,0.00183128,-3.73702800,-1.33072900,-3.26272700,0.93334140
543.99318621,-0.00915639,-3.74801600,-1.33072900,-3.26272700,0.92235380
544.99317368,0.01281895,-3.73702800,-1.34171700,-3.27371500,0.93334140
545.99316115,-0.00915639,-3.73702800,-1.34171700,-3.27371500,0.94432910
546.99314863,0.00183128,-3.72604100,-1.31974100,-3.26272700,0.92235380
547.99313610,0.00183128,-3.73702800,-1.33072900,-3.26272700,0.93334140
548.99312358,0.00183128,-3.74801600,-1.33072900,-3.25174000,0.92235380
549.99311105,0.00183128,-3.73702800,-1.33072900,-3.26272700,0.92235380
550.99309853,0.00183128,-3.73702800,-1.31974100,-3.26272700,0.92235380
551.99308600,-0.00915639,-3.75900400,-1.33072900,-3.26272700,0.93334140
552.99307348,-0.00915639,-3.74801600,-1.33072900,-3.26272700,0.93334140
553.99306095,-0.00915639,-3.73702800,-1.34171700,-3.26272700,0.93334140
554.99304843,0.00183128,-3.74801600,-1.33072900,-3.26272700,0.93334140
555.99303590,0.00183128,-3.75900400,-1.33072900,-3.26272700,0.93334140
556.99302338,0.00183128,-3.73702800,-1.34171700,-3.26272700,0.93334140
557.99301085,0.00183128,-3.74801600,-1.33072900,-3.26272700,0.92235380
558.99299833,0.00183128,-3.74801600,-1.33072900,-3.27371500,0.93334140
559.99298580,0.00183128,-3.74801600,-1.34171700,-3.27371500,0.91136610
560.99297327,0.00183128,-3.73702800,-1.33072900,-3.27371500,0.94432910
561.99296075,-0.02014406,-3.73702800,-1.34171700,-3.27371500,0.92235380
562.99294822,-0.00915639,-3.74801600,-1.33072900,-3.27371500,0.94432910
563.99293570,-0.00915639,-3.74801600,-1.33072900,-3.27371500,0.94432910
564.99292317,0.00183128,-3.74801600,-1.33072900,-3.26272700,0.92235380
565.99291065,0.00183128,-3.72604100,-1.33072900,-3.26272700,0.92235380
566.99289812,0.00183128,-3.71505300,-1.34171700,-3.26272700,0.92235380
567.99288560,0.00183128,-3.75900400,-1.33072900,-3.27371500,0.93334140
568.99287307,-0.00915639,-3.74801600,-1.33072900,-3.28470300,0.93334140
569.99286055,0.00183128,-3.73702800,-1.34171700,-3.26272700,0.93334140
570.99284802,-0.02014406,-3.73702800,-1.34171700,-3.27371500,0.94432910
571.99283550,0.00183128,-3.74801600,-1.33072900,-3.26272700,0.94432910
572.99282297,0.01281895,-3.73702800,-1.34171700,-3.27371500,0.93334140
573.99281044,0.01281895,-3.73702800,-1.33072900,-3.27371500,0.92235380
574.99279792,0.00183128,-3.73702800,-1.33072900,-3.27371500,0.93334140
575.99278539,0.00183128,-3.73702800,-1.33072900,-3.26272700,0.93334140
576.99277287,0.00183128,-3.73702800,-1.34171700,-3.26272700,0.91136610
577.99276034,0.00183128,-3.73702800,-1.33072900,-3.28470300,0.93334140
578.99274782,-0.02014406,-3.74801600,-1.34171700,-3.27371500,0.93334140
579.99273529,-0.00915639,-3.73702800,-1.33072900,-3.28470300,0.94432910
580.99272277,-0.00915639,-3.74801600,-1.31974100,-3.27371500,0.93334140
581.99271024,-0.00915639,-3.74801600,-1.34171700,-3.27371500,0.94432910
582.99269772,0.01281895,-3.74801600,-1.34171700,-3.26272700,0.93334140
583.99268519,0.01281895,-3.74801600,-1.34171700,-3.26272700,0.94432910
584.99267267,0.00183128,-3.73702800,-1.33072900,-3.27371500,0.93334140
585.99266014,-0.00915639,-3.74801600,-1.33072900,-3.27371500,0.92235380
586.99264762,-0.00915639,-3.74801600,-1.33072900,-3.27371500,0.92235380
587.99263509,-0.00915639,-3.74801600,-1.33072900,-3.27371500,0.93334140
588.99262256,0.00183128,-3.73702800,-1.34171700,-3.27371500,0.94432910
589.99261004,-0.00915639,-3.74801600,-1.31974100,-3.26272700,0.92235380
590.99259751,0.01281895,-3.72604100,-1.31974100,-3.27371500,0.93334140
591.99258499,-0.00915639,-3.72604100,-1.34171700,-3.26272700,0.92235380
592.99257246,0.00183128,-3.72604100,-1.34171700,-3.27371500,0.93334140
593.99255994,-0.00915639,-3.73702800,-1.33072900,-3.26272700,0.93334140
594.99254741,-0.00915639,-3.74801600,-1.33072900,-3.27371500,0.94432910
595.99253489,0.00183128,-3.74801600,-1.34171700,-3.26272700,0.93334140
596.99252236,-0.00915639,-3.74801600,-1.31974100,-3.26272700,0.93334140
597.99250984,-0.00915639,-3.74801600,-1.34171700,-3.26272700,0.93334140
598.99249731,0.00183128,-3.74801600,-1.34171700,-3.26272700,0.94432910
599.99248479,-0.00915639,-3.74801600,-1.34171700,-3.27371500,0.92235380
600.99247226,0.01281895,-3.73702800,-1.31974100,-3.27371500,0.93334140
601.99245973,0.00183128,-3.75900400,-1.34171700,-3.27371500,0.94432910
602.99244721,-0.00915639,-3.73702800,-1.35270400,-3.28470300,0.93334140
603.99243468,-0.00915639,-3.75900400,-1.34171700,-3.27371500,0.93334140
604.99242216,-0.00915639,-3.74801600,-1.34171700,-3.27371500,0.93334140
605.99240963,0.00183128,-3.74801600,-1.33072900,-3.27371500,0.93334140
606.99239711,-0.02014406,-3.74801600,-1.33072900,-3.26272700,0.93334140
607.99238458,-0.00915639,-3.73702800,-1.34171700,-3.25174000,0.92235380
608.99237206,0.00183128,-3.74801600,-1.34171700,-3.27371500,0.93334140
609.99235953,-0.00915639,-3.75900400,-1.33072900,-3.27371500,0.93334140
610.99234701,-0.00915639,-3.74801600,-1.34171700,-3.26272700,0.92235380
611.99233448,0.00183128,-3.73702800,-1.34171700,-3.25174000,0.93334140
612.99232196,0.00183128,-3.74801600,-1.33072900,-3.27371500,0.93334140
613.99230943,0.00183128,-3.74801600,-1.34171700,-3.27371500,0.92235380
614.99229691,-0.00915639,-3.73702800,-1.33072900,-3.27371500,0.93334140
615.99228438,0.00183128,-3.72604100,-1.33072900,-3.28470300,0.93334140
616.99227185,-0.00915639,-3.73702800,-1.33072900,-3.28470300,0.93334140
617.99225933,0.00183128,-3.74801600,-1.33072900,-3.27371500,0.94432910
618.99224680,-0.00915639,-3.73702800,-1.33072900,-3.26272700,0.93334140
619.99223428,0.00183128,-3.74801600,-1.33072900,-3.27371500,0.93334140
620.99222175,0.01281895,-3.75900400,-1.35270400,-3.26272700,0.94432910
621.99220923,-0.02014406,-3.75900400,-1.33072900,-3.27371500,0.93334140
622.99219670,-0.00915639,-3.73702800,-1.33072900,-3.27371500,0.93334140
623.99218418,0.00183128,-3.72604100,-1.36369200,-3.27371500,0.93334140
624.99217165,-0.00915639,-3.74801600,-1.34171700,-3.26272700,0.93334140
625.99215913,0.00183128,-3.75900400,-1.33072900,-3.27371500,0.94432910
626.99214660,0.01281895,-3.73702800,-1.34171700,-3.27371500,0.93334140
627.99213408,-0.00915639,-3.73702800,-1.34171700,-3.27371500,0.93334140
628.99212155,-0.00915639,-3.74801600,-1.33072900,-3.27371500,0.94432910
629.99210902,-0.00915639,-3.75900400,-1.33072900,-3.27371500,0.94432910
630.99209650,-0.00915639,-3.75900400,-1.34171700,-3.27371500,0.92235380
631.99208397,0.00183128,-3.75900400,-1.34171700,-3.28470300,0.94432910
632.99207145,-0.00915639,-3.74801600,-1.34171700,-3.28470300,0.94432910
633.99205892,-0.00915639,-3.73702800,-1.34171700,-3.27371500,0.94432910
634.99204640,-0.00915639,-3.74801600,-1.33072900,-3.27371500,0.95531680
635.99203387,-0.00915639,-3.74801600,-1.34171700,-3.27371500,0.94432910
636.99202135,0.00183128,-3.75900400,-1.33072900,-3.29569000,0.94432910
637.99200882,-0.02014406,-3.73702800,-1.33072900,-3.27371500,0.93334140
638.99199630,0.00183128,-3.75900400,-1.35270400,-3.26272700,0.94432910
639.99198377,-0.00915639,-3.74801600,-1.34171700,-3.27371500,0.93334140
640.99197125,-0.00915639,-3.75900400,-1.33072900,-3.27371500,0.93334140
641.99195872,0.00183128,-3.74801600,-1.34171700,-3.27371500,0.94432910
642.99194620,-0.00915639,-3.74801600,-1.35270400,-3.28470300,0.94432910
643.99193367,-0.00915639,-3.74801600,-1.34171700,-3.26272700,0.93334140
644.99192114,-0.00915639,-3.74801600,-1.34171700,-3.28470300,0.94432910
645.99190862,-0.00915639,-3.74801600,-1.34171700,-3.27371500,0.93334140
646.99189609,-0.00915639,-3.76999100,-1.34171700,-3.28470300,0.94432910
647.99188357,-0.00915639,-3.74801600,-1.35270400,-3.28470300,0.94432910
648.99187104,-0.00915639,-3.75900400,-1.34171700,-3.27371500,0.93334140
649.99185852,-0.00915639,-3.74801600,-1.34171700,-3.27371500,0.94432910
650.99184599,-0.02014406,-3.74801600,-1.35270400,-3.26272700,0.93334140
651.99183347,-0.02014406,-3.73702800,-1.35270400,-3.27371500,0.93334140
652.99182094,-0.00915639,-3.74801600,-1.34171700,-3.27371500,0.94432910
653.99180842,0.00183128,-3.74801600,-1.34171700,-3.28470300,0.94432910
654.99179589,-0.00915639,-3.75900400,-1.34171700,-3.27371500,0.92235380
655.99178337,0.00183128,-3.75900400,-1.33072900,-3.28470300,0.94432910
656.99177084,0.00183128,-3.74801600,-1.33072900,-3.26272700,0.93334140
657.99175831,0.00183128,-3.74801600,-1.34171700,-3.26272700,0.92235380
658.99174579,-0.00915639,-3.75900400,-1.33072900,-3.27371500,0.92235380
659.99173326,0.01281895,-3.74801600,-1.34171700,-3.27371500,0.93334140
660.99172074,0.01281895,-3.74801600,-1.34171700,-3.28470300,0.93334140
661.99170821,0.00183128,-3.75900400,-1.33072900,-3.27371500,0.94432910
662.99169569,-0.00915639,-3.74801600,-1.34171700,-3.27371500,0.94432910
663.99168316,-0.00915639,-3.74801600,-1.34171700,-3.27371500,0.93334140
664.99167064,0.00183128,-3.75900400,-1.34171700,-3.28470300,0.94432910
665.99165811,-0.00915639,-3.74801600,-1.35270400,-3.26272700,0.92235380
666.99164559,-0.00915639,-3.74801600,-1.33072900,-3.27371500,0.94432910
667.99163306,-0.02014406,-3.75900400,-1.34171700,-3.27371500,0.93334140
668.99162054,-0.02014406,-3.73702800,-1.34171700,-3.29569000,0.93334140
669.99160801,-0.02014406,-3.75900400,-1.33072900,-3.27371500,0.93334140
670.99159549,-0.02014406,-3.74801600,-1.33072900,-3.26272700,0.95531680
671.99158296,-0.02014406,-3.74801600,-1.34171700,-3.28470300,0.93334140
672.99157043,-0.00915639,-3.75900400,-1.34171700,-3.28470300,0.93334140
673.99155791,-0.00915639,-3.74801600,-1.34171700,-3.26272700,0.95531680
674.99154538,0.00183128,-3.75900400,-1.34171700,-3.27371500,0.94432910
675.99153286,0.00183128,-3.74801600,-1.34171700,-3.27371500,0.93334140
676.99152033,-0.00915639,-3.75900400,-1.34171700,-3.26272700,0.93334140
677.99150781,0.00183128,-3.75900400,-1.35270400,-3.27371500,0.94432910
678.99149528,-0.00915639,-3.75900400,-1.34171700,-3.28470300,0.93334140
679.99148276,-0.00915639,-3.75900400,-1.35270400,-3.27371500,0.94432910
680.99147023,-0.02014406,-3.75900400,-1.35270400,-3.28470300,0.95531680
681.99145771,-0.00915639,-3.74801600,-1.35270400,-3.27371500,0.94432910
682.99144518,-0.00915639,-3.74801600,-1.34171700,-3.29569000,0.95531680
683.99143266,-0.02014406,-3.74801600,-1.33072900,-3.28470300,0.94432910
684.99142013,-0.00915639,-3.74801600,-1.33072900,-3.27371500,0.94432910
685.99140760,-0.00915639,-3.76999100,-1.34171700,-3.28470300,0.94432910
686.99139508,0.00183128,-3.75900400,-1.31974100,-3.26272700,0.94432910
687.99138255,0.00183128,-3.75900400,-1.34171700,-3.26272700,0.94432910
688.99137003,-0.02014406,-3.75900400,-1.34171700,-3.26272700,0.94432910
689.99135750,-0.00915639,-3.74801600,-1.34171700,-3.27371500,0.94432910
690.99134498,-0.00915639,-3.73702800,-1.34171700,-3.28470300,0.94432910
691.99133245,-0.00915639,-3.75900400,-1.34171700,-3.27371500,0.93334140
692.99131993,-0.00915639,-3.75900400,-1.34171700,-3.28470300,0.95531680
693.99130740,-0.02014406,-3.74801600,-1.34171700,-3.27371500,0.94432910
694.99129488,-0.00915639,-3.75900400,-1.35270400,-3.28470300,0.94432910
695.99128235,-0.02014406,-3.74801600,-1.33072900,-3.27371500,0.94432910
696.99126983,-0.00915639,-3.75900400,-1.34171700,-3.28470300,0.93334140
697.99125730,-0.00915639,-3.74801600,-1.33072900,-3.28470300,0.95531680
698.99124478,-0.00915639,-3.74801600,-1.35270400,-3.27371500,0.94432910
699.99123225,-0.02014406,-3.75900400,-1.36369200,-3.27371500,0.94432910
700.99121972,-0.02014406,-3.74801600,-1.34171700,-3.28470300,0.94432910
701.99120720,-0.00915639,-3.75900400,-1.34171700,-3.27371500,0.95531680
702.99119467,-0.00915639,-3.75900400,-1.34171700,-3.28470300,0.93334140
703.99118215,-0.03113173,-3.76999100,-1.36369200,-3.29569000,0.93334140
704.99116962,-0.02014406,-3.74801600,-1.33072900,-3.28470300,0.94432910
705.99115710,-0.00915639,-3.74801600,-1.34171700,-3.27371500,0.94432910
706.99114457,-0.00915639,-3.74801600,-1.35270400,-3.28470300,0.93334140
707.99113205,-0.00915639,-3.75900400,-1.35270400,-3.28470300,0.95531680
708.99111952,0.00183128,-3.75900400,-1.33072900,-3.27371500,0.93334140
709.99110700,-0.02014406,-3.75900400,-1.35270400,-3.28470300,0.95531680
710.99109447,-0.03113173,-3.75900400,-1.35270400,-3.28470300,0.96630450
711.99108195,-0.00915639,-3.73702800,-1.34171700,-3.27371500,0.94432910
712.99106942,-0.00915639,-3.74801600,-1.35270400,-3.29569000,0.94432910
713.99105689,-0.00915639,-3.74801600,-1.34171700,-3.28470300,0.93334140
714.99104437,-0.00915639,-3.74801600,-1.34171700,-3.28470300,0.94432910
715.99103184,-0.00915639,-3.76999100,-1.34171700,-3.29569000,0.94432910
716.99101932,-0.02014406,-3.74801600,-1.34171700,-3.27371500,0.94432910
717.99100679,-0.00915639,-3.74801600,-1.35270400,-3.29569000,0.93334140
718.99099427,-0.00915639,-3.75900400,-1.34171700,-3.28470300,0.94432910
719.99098174,-0.00915639,-3.74801600,-1.34171700,-3.27371500,0.94432910
720.99096922,-0.02014406,-3.75900400,-1.34171700,-3.28470300,0.93334140
721.99095669,-0.02014406,-3.75900400,-1.34171700,-3.29569000,0.93334140
722.99094417,-0.02014406,-3.76999100,-1.34171700,-3.28470300,0.95531680
723.99093164,-0.00915639,-3.75900400,-1.34171700,-3.28470300,0.93334140
724.99091912,-0.00915639,-3.76999100,-1.35270400,-3.28470300,0.94432910
725.99090659,-0.02014406,-3.75900400,-1.36369200,-3.28470300,0.94432910
726.99089407,-0.02014406,-3.75900400,-1.35270400,-3.29569000,0.93334140
727.99088154,0.00183128,-3.74801600,-1.34171700,-3.29569000,0.94432910
728.99086901,-0.00915639,-3.74801600,-1.34171700,-3.26272700,0.94432910
729.99085649,-0.03113173,-3.75900400,-1.34171700,-3.28470300,0.93334140
730.99084396,-0.00915639,-3.76999100,-1.34171700,-3.28470300,0.94432910
731.99083144,-0.00915639,-3.74801600,-1.34171700,-3.29569000,0.93334140
732.99081891,-0.00915639,-3.76999100,-1.34171700,-3.27371500,0.94432910
733.99080639,-0.02014406,-3.75900400,-1.34171700,-3.28470300,0.95531680
734.99079386,-0.02014406,-3.74801600,-1.34171700,-3.28470300,0.95531680
735.99078134,-0.00915639,-3.76999100,-1.35270400,-3.27371500,0.93334140
736.99076881,-0.00915639,-3.75900400,-1.34171700,-3.28470300,0.95531680
737.99075629,-0.00915639,-3.76999100,-1.34171700,-3.27371500,0.94432910
738.99074376,0.00183128,-3.75900400,-1.35270400,-3.28470300,0.94432910
739.99073124,-0.02014406,-3.75900400,-1.34171700,-3.28470300,0.94432910
740.99071871,0.00183128,-3.75900400,-1.34171700,-3.27371500,0.95531680
741.99070618,0.00183128,-3.74801600,-1.34171700,-3.29569000,0.94432910
742.99069366,-0.00915639,-3.76999100,-1.34171700,-3.28470300,0.95531680
743.99068113,-0.02014406,-3.75900400,-1.35270400,-3.27371500,0.95531680
744.99066861,-0.02014406,-3.74801600,-1.34171700,-3.27371500,0.93334140
745.99065608,-0.02014406,-3.75900400,-1.35270400,-3.29569000,0.95531680
746.99064356,-0.00915639,-3.74801600,-1.35270400,-3.27371500,0.94432910
747.99063103,-0.02014406,-3.74801600,-1.34171700,-3.29569000,0.94432910
748.99061851,-0.03113173,-3.75900400,-1.34171700,-3.29569000,0.95531680
749.99060598,-0.00915639,-3.74801600,-1.35270400,-3.27371500,0.95531680
750.99059346,-0.02014406,-3.75900400,-1.35270400,-3.29569000,0.94432910
751.99058093,-0.02014406,-3.74801600,-1.33072900,-3.29569000,0.94432910
752.99056841,-0.00915639,-3.75900400,-1.34171700,-3.28470300,0.94432910
753.99055588,-0.03113173,-3.75900400,-1.33072900,-3.28470300,0.93334140
754.99054336,-0.02014406,-3.75900400,-1.34171700,-3.28470300,0.93334140
755.99053083,-0.02014406,-3.73702800,-1.35270400,-3.28470300,0.94432910
756.99051830,-0.02014406,-3.75900400,-1.34171700,-3.27371500,0.94432910
757.99050578,-0.02014406,-3.74801600,-1.35270400,-3.27371500,0.95531680
758.99049325,-0.02014406,-3.75900400,-1.34171700,-3.27371500,0.95531680
759.99048073,-0.00915639,-3.75900400,-1.35270400,-3.29569000,0.93334140
760.99046820,-0.00915639,-3.75900400,-1.35270400,-3.28470300,0.94432910
761.99045568,0.00183128,-3.75900400,-1.35270400,-3.28470300,0.95531680
762.99044315,-0.00915639,-3.76999100,-1.34171700,-3.27371500,0.94432910
763.99043063,-0.02014406,-3.75900400,-1.35270400,-3.27371500,0.95531680
764.99041810,-0.02014406,-3.74801600,-1.34171700,-3.28470300,0.94432910
765.99040558,-0.00915639,-3.75900400,-1.35270400,-3.28470300,0.95531680
766.99039305,-0.00915639,-3.75900400,-1.35270400,-3.28470300,0.95531680
767.99038053,-0.02014406,-3.75900400,-1.36369200,-3.29569000,0.94432910
768.99036800,-0.03113173,-3.78097900,-1.35270400,-3.27371500,0.95531680
769.99035547,-0.00915639,-3.76999100,-1.35270400,-3.29569000,0.94432910
770.99034295,-0.02014406,-3.74801600,-1.35270400,-3.28470300,0.94432910
771.99033042,-0.00915639,-3.74801600,-1.35270400,-3.29569000,0.95531680
772.99031790,-0.00915639,-3.76999100,-1.35270400,-3.28470300,0.94432910
773.99030537,-0.02014406,-3.76999100,-1.35270400,-3.28470300,0.95531680
774.99029285,-0.03113173,-3.75900400,-1.35270400,-3.27371500,0.94432910
775.99028032,-0.00915639,-3.75900400,-1.35270400,-3.28470300,0.94432910
776.99026780,-0.02014406,-3.76999100,-1.36369200,-3.29569000,0.94432910
777.99025527,-0.02014406,-3.75900400,-1.34171700,-3.29569000,0.94432910
778.99024275,-0.02014406,-3.75900400,-1.34171700,-3.28470300,0.94432910
779.99023022,-0.02014406,-3.76999100,-1.34171700,-3.30667800,0.95531680
780.99021770,-0.03113173,-3.75900400,-1.34171700,-3.29569000,0.95531680
781.99020517,-0.03113173,-3.74801600,-1.34171700,-3.28470300,0.94432910
782.99019265,-0.02014406,-3.76999100,-1.35270400,-3.29569000,0.94432910
783.99018012,-0.02014406,-3.76999100,-1.35270400,-3.28470300,0.94432910
784.99016759,-0.03113173,-3.75900400,-1.35270400,-3.29569000,0.94432910
785.99015507,-0.02014406,-3.74801600,-1.36369200,-3.28470300,0.95531680
786.99014254,-0.03113173,-3.75900400,-1.35270400,-3.29569000,0.94432910
787.99013002,-0.00915639,-3.76999100,-1.35270400,-3.29569000,0.95531680
788.99011749,-0.02014406,-3.76999100,-1.34171700,-3.28470300,0.95531680
789.99010497,-0.02014406,-3.76999100,-1.34171700,-3.28470300,0.95531680
790.99009244,-0.02014406,-3.74801600,-1.35270400,-3.29569000,0.93334140
791.99007992,-0.02014406,-3.76999100,-1.34171700,-3.30667800,0.95531680
792.99006739,-0.00915639,-3.74801600,-1.35270400,-3.28470300,0.93334140
793.99005487,-0.02014406,-3.74801600,-1.36369200,-3.29569000,0.95531680
794.99004234,-0.02014406,-3.76999100,-1.34171700,-3.29569000,0.94432910
795.99002982,-0.02014406,-3.75900400,-1.34171700,-3.28470300,0.94432910
796.99001729,0.00183128,-3.76999100,-1.35270400,-3.29569000,0.94432910
797.99000476,-0.02014406,-3.76999100,-1.34171700,-3.29569000,0.95531680
798.98999224,-0.02014406,-3.75900400,-1.34171700,-3.29569000,0.95531680
799.98997971,-0.03113173,-3.75900400,-1.36369200,-3.27371500,0.94432910
800.98996719,-0.02014406,-3.75900400,-1.34171700,-3.29569000,0.95531680
801.98995466,-0.02014406,-3.75900400,-1.35270400,-3.28470300,0.93334140
802.98994214,-0.03113173,-3.75900400,-1.35270400,-3.30667800,0.95531680
803.98992961,-0.00915639,-3.75900400,-1.35270400,-3.31766600,0.95531680
804.98991709,-0.02014406,-3.75900400,-1.35270400,-3.28470300,0.94432910
805.98990456,-0.00915639,-3.76999100,-1.33072900,-3.28470300,0.95531680
806.98989204,-0.02014406,-3.76999100,-1.35270400,-3.28470300,0.95531680
807.98987951,-0.02014406,-3.75900400,-1.35270400,-3.29569000,0.94432910
808.98986699,-0.00915639,-3.75900400,-1.35270400,-3.29569000,0.95531680
809.98985446,-0.00915639,-3.76999100,-1.35270400,-3.29569000,0.95531680
810.98984194,-0.02014406,-3.76999100,-1.35270400,-3.28470300,0.94432910
811.98982941,-0.02014406,-3.76999100,-1.35270400,-3.28470300,0.96630450
812.98981688,-0.02014406,-3.76999100,-1.34171700,-3.28470300,0.95531680
813.98980436,-0.03113173,-3.76999100,-1.35270400,-3.29569000,0.95531680
814.98979183,-0.02014406,-3.76999100,-1.34171700,-3.28470300,0.94432910
815.98977931,-0.03113173,-3.74801600,-1.36369200,-3.28470300,0.95531680
816.98976678,-0.00915639,-3.75900400,-1.34171700,-3.29569000,0.95531680
817.98975426,-0.02014406,-3.76999100,-1.35270400,-3.29569000,0.96630450
818.98974173,-0.03113173,-3.76999100,-1.35270400,-3.29569000,0.94432910
819.98972921,-0.02014406,-3.75900400,-1.35270400,-3.29569000,0.95531680
820.98971668,-0.03113173,-3.76999100,-1.35270400,-3.29569000,0.94432910
821.98970416,-0.02014406,-3.74801600,-1.34171700,-3.29569000,0.94432910
822.98969163,-0.03113173,-3.75900400,-1.34171700,-3.29569000,0.94432910
823.98967911,-0.03113173,-3.76999100,-1.35270400,-3.29569000,0.95531680
824.98966658,-0.02014406,-3.75900400,-1.34171700,-3.29569000,0.96630450
825.98965405,-0.03113173,-3.78097900,-1.36369200,-3.29569000,0.93334140
826.98964153,-0.02014406,-3.74801600,-1.35270400,-3.29569000,0.94432910
827.98962900,-0.02014406,-3.76999100,-1.36369200,-3.28470300,0.95531680
828.98961648,-0.02014406,-3.76999100,-1.35270400,-3.28470300,0.94432910
829.98960395,-0.00915639,-3.75900400,-1.36369200,-3.29569000,0.95531680
830.98959143,-0.02014406,-3.76999100,-1.35270400,-3.28470300,0.94432910
831.98957890,-0.03113173,-3.76999100,-1.36369200,-3.30667800,0.95531680
832.98956638,-0.00915639,-3.76999100,-1.34171700,-3.29569000,0.94432910
833.98955385,-0.02014406,-3.76999100,-1.34171700,-3.29569000,0.95531680
834.98954133,-0.02014406,-3.76999100,-1.36369200,-3.28470300,0.94432910
835.98952880,-0.04211940,-3.78097900,-1.35270400,-3.28470300,0.94432910
836.98951628,-0.02014406,-3.75900400,-1.35270400,-3.29569000,0.95531680
837.98950375,-0.03113173,-3.75900400,-1.36369200,-3.28470300,0.94432910
838.98949123,-0.03113173,-3.76999100,-1.36369200,-3.29569000,0.95531680
839.98947870,-0.02014406,-3.75900400,-1.35270400,-3.29569000,0.95531680
840.98946617,-0.03113173,-3.75900400,-1.35270400,-3.29569000,0.95531680
841.98945365,-0.03113173,-3.76999100,-1.36369200,-3.29569000,0.94432910
842.98944112,-0.00915639,-3.74801600,-1.36369200,-3.29569000,0.95531680
843.98942860,-0.03113173,-3.78097900,-1.36369200,-3.30667800,0.95531680
844.98941607,-0.02014406,-3.76999100,-1.35270400,-3.28470300,0.94432910
845.98940355,-0.02014406,-3.76999100,-1.35270400,-3.28470300,0.94432910
846.98939102,-0.02014406,-3.76999100,-1.34171700,-3.29569000,0.95531680
847.98937850,-0.03113173,-3.76999100,-1.35270400,-3.28470300,0.95531680
848.98936597,-0.00915639,-3.76999100,-1.34171700,-3.29569000,0.94432910
849.98935345,-0.02014406,-3.75900400,-1.35270400,-3.29569000,0.95531680
850.98934092,-0.02014406,-3.76999100,-1.34171700,-3.28470300,0.95531680
851.98932840,-0.00915639,-3.76999100,-1.34171700,-3.29569000,0.95531680
852.98931587,-0.03113173,-3.78097900,-1.35270400,-3.30667800,0.95531680
853.98930334,-0.03113173,-3.76999100,-1.35270400,-3.29569000,0.96630450
854.98929082,-0.03113173,-3.76999100,-1.35270400,-3.28470300,0.96630450
855.98927829,-0.02014406,-3.76999100,-1.36369200,-3.29569000,0.95531680
856.98926577,-0.02014406,-3.76999100,-1.34171700,-3.28470300,0.95531680
857.98925324,-0.02014406,-3.76999100,-1.35270400,-3.30667800,0.95531680
858.98924072,-0.02014406,-3.78097900,-1.37468000,-3.29569000,0.94432910
859.98922819,-0.03113173,-3.75900400,-1.34171700,-3.29569000,0.95531680
860.98921567,-0.02014406,-3.76999100,-1.36369200,-3.29569000,0.96630450
861.98920314,-0.02014406,-3.76999100,-1.36369200,-3.29569000,0.95531680
862.98919062,-0.03113173,-3.76999100,-1.35270400,-3.29569000,0.96630450
863.98917809,-0.02014406,-3.76999100,-1.35270400,-3.28470300,0.95531680
864.98916557,-0.02014406,-3.75900400,-1.35270400,-3.29569000,0.95531680
865.98915304,-0.03113173,-3.75900400,-1.35270400,-3.29569000,0.95531680
866.98914052,-0.03113173,-3.76999100,-1.35270400,-3.28470300,0.94432910
867.98912799,-0.02014406,-3.76999100,-1.35270400,-3.30667800,0.96630450
868.98911546,-0.02014406,-3.75900400,-1.34171700,-3.29569000,0.95531680
869.98910294,-0.03113173,-3.74801600,-1.35270400,-3.30667800,0.94432910
870.98909041,-0.03113173,-3.76999100,-1.35270400,-3.30667800,0.95531680
871.98907789,-0.02014406,-3.78097900,-1.35270400,-3.29569000,0.94432910
872.98906536,-0.04211940,-3.75900400,-1.35270400,-3.28470300,0.94432910
873.98905284,-0.03113173,-3.75900400,-1.36369200,-3.29569000,0.94432910
874.98904031,-0.03113173,-3.76999100,-1.35270400,-3.29569000,0.95531680
875.98902779,-0.03113173,-3.76999100,-1.36369200,-3.29569000,0.94432910
876.98901526,-0.03113173,-3.76999100,-1.36369200,-3.29569000,0.96630450
877.98900274,-0.02014406,-3.76999100,-1.35270400,-3.29569000,0.95531680
878.98899021,-0.02014406,-3.75900400,-1.35270400,-3.28470300,0.95531680
879.98897769,-0.02014406,-3.78097900,-1.36369200,-3.30667800,0.96630450
880.98896516,-0.03113173,-3.75900400,-1.35270400,-3.28470300,0.95531680
881.98895263,-0.03113173,-3.78097900,-1.35270400,-3.28470300,0.95531680
882.98894011,-0.03113173,-3.78097900,-1.34171700,-3.29569000,0.95531680
883.98892758,-0.02014406,-3.76999100,-1.35270400,-3.30667800,0.95531680
884.98891506,-0.04211940,-3.76999100,-1.36369200,-3.29569000,0.95531680
885.98890253,-0.03113173,-3.78097900,-1.35270400,-3.30667800,0.95531680
886.98889001,-0.02014406,-3.75900400,-1.35270400,-3.27371500,0.95531680
887.98887748,-0.02014406,-3.76999100,-1.36369200,-3.29569000,0.95531680
888.98886496,-0.03113173,-3.76999100,-1.35270400,-3.29569000,0.96630450
889.98885243,-0.03113173,-3.78097900,-1.34171700,-3.29569000,0.95531680
890.98883991,-0.03113173,-3.75900400,-1.35270400,-3.28470300,0.95531680
891.98882738,-0.03113173,-3.76999100,-1.34171700,-3.31766600,0.95531680
892.98881486,-0.02014406,-3.78097900,-1.35270400,-3.29569000,0.96630450
893.98880233,-0.03113173,-3.76999100,-1.36369200,-3.30667800,0.95531680
894.98878981,-0.05310707,-3.76999100,-1.35270400,-3.29569000,0.94432910
